feel, like, I, 9
breast, pump, hackathon, 5
make, breast, pump, 6
better, breast, pump, 6
com, /@, medialab, 3
I, used, Medela, 6
pumping, I, get, 3
pump, one, side, 6
flanges, possibly, opaque, 3
My, biggest, problem, 3
hands, free, bra, 37
pump, I, would, 4
thought, I, d, 3
Fewer, parts, wash, 3
20, 30, minutes, 3
I, m, done, 3
4, times, day, 3
Ameda, Purely, Yours, 11
newborns, stanford, edu, 3
I, ve, found, 4
I, would, also, 10
moms, I, know, 3
able, lay, pumping, 3
I, ’, ve, 7
put, back, together, 3
one, less, thing, 3
It, would, amazing, 5
A, pump, would, 3
Good, luck, I, 5
15, 20, minutes, 4
A, way, pump, 3
tubing, hands, free, 3
The, hands, free, 3
I, returned, work, 4
I, m, holding, 3
I, pump, I, 9
..., I, know, 3
time, I, pumped, 4
milk, I, m, 4
As, working, mom, 7
free, pumping, bra, 8
pump, takes, half, 3
I, m, currently, 3
would, love, breast, 4
I, feel, like, 14
I, would, like, 28
know, I, m, 6
A, bonus, would, 3
It, would, awesome, 7
hospital, grade, pumps, 7
make, pumping, better, 3
I, used, hospital, 3
I, hate, pumping, 4
It, would, cool, 3
pumping, I, m, 4
Hospital, grade, pumps, 4
I, could, join, 3
taking, time, work, 3
Medela, PIS, I, 3
I, ve, pumping, 3
Medela, hospital, grade, 3
I, hands, free, 3
I, m, picturing, 3
My, dream, pump, 3
I, m, also, 3
breast, pump, could, 4
spend, 20, minutes, 3
I, used, Ameda, 4
pump, 4, times, 3
would, also, like, 3
I, m, trying, 6
multiple, times, per, 3
30, minutes, pump, 3
longer, battery, life, 4
work, I, m, 5
day, I, m, 3
need, hands, free, 3
)., I, think, 3
I, wish, I, 14
I, need, pump, 6
I, know, I, 5
time, I, pump, 6
I, went, back, 10
like, I, m, 7
many, parts, clean, 4
tell, many, times, 4
would, amazing, I, 5
I, m, teacher, 3
https, ://, medium, 3
would, nice, I, 4
make, better, I, 3
The, pump, needs, 8
I, wish, parts, 3
hands, free, options, 4
I, m, work, 3
awesome, pumps, could, 4
full, time, working, 5
sit, back, relax, 3
hands, free, The, 3
used, Ameda, Purely, 3
I, currently, use, 4
quieter, pump, would, 3
could, lean, back, 3
way, I, could, 3
able, lean, back, 5
I, love, idea, 6
’, wait, see, 5
Medela, Pump, Style, 10
wish, breast, pumps, 3
closed, system, pumps, 3
It, hands, free, 3
moms, pump, lot, 3
I, read, article, 4
bottle, storage, bag, 3
parts, easier, clean, 4
get, much, milk, 3
day, every, day, 3
free, bra, doesn, 3
breast, shields, flanges, 6
would, nice, pump, 5
would, great, able, 4
d, also, like, 4
one, pump, session, 3
pump, would, allow, 3
I, able, find, 3
milk, supply, )., 3
instead, hard, plastic, 4
The, Medela, pump, 3
http, ://, newborns, 3
Find, way, make, 5
actually, hands, free, 3
2, 3, hours, 4
Please, design, pump, 4
medium, com, /@, 3
idea, I, m, 3
I, m, sure, 25
I, want, pump, 8
Make, hands, free, 3
I, d, also, 6
I, m, thinking, 4
luck, I, hope, 4
amount, milk, pumped, 7
would, like, see, 5
pump, The, pump, 3
would, like, able, 3
one, side, time, 3
I, would, use, 3
like, breast, pump, 4
I, think, would, 9
I, would, pump, 4
breast, pump, accessories, 3
put, pumping, bra, 3
hands, free, use, 3
get, things, done, 3
would, much, better, 4
multiple, times, day, 6
would, nice, able, 4
would, huge, help, 4
pump, I, need, 3
I, thought, I, 5
bottle, Paced, bottle, 4
I, pump, twice, 5
wait, see, come, 4
love, able, pump, 4
conference, calls, pumping, 3
It, really, hard, 3
I, spent, several, 3
Hi, I, saw, 3
I, WANT, THE, 3
I, wish, breast, 3
d, love, see, 5
I, wait, see, 4
A, pump, could, 3
go, hands, free, 3
doesn, look, like, 3
I, look, forward, 4
work, I, would, 3
clean, pump, parts, 4
breast, pump, would, 4
I, use, Medela, 6
love, see, breast, 3
I, ve, pumped, 9
I, feel, I, 3
1, 5, hours, 3
The, breast, pump, 10
things, around, house, 3
different, breasts, I, 3
cried, first, time, 3
Just, like, baby, 3
I, pumping, I, 4
I, d, love, 14
nice, could, pump, 3
The, hard, plastic, 5
breast, milk, I, 4
would, help, lot, 3
pump, I, could, 4
I, m, mom, 5
I, m, really, 5
bottles, hands, free, 3
many, times, I, 7
I, exclusively, pumped, 7
medela, pump, style, 9
://, medium, com, 3
able, walk, around, 4
I, excited, see, 3
pump, motors, wear, 3
Make, easier, clean, 3
hospital, grade, pump, 18
An, easy, way, 3
baby, control, much, 4
8, times, day, 4
I, m, always, 3
pump, A, pump, 4
I, would, loved, 3
every, day, I, 3
breast, pump, doesn, 3
back, work, I, 3
first, time, I, 4
I, m, still, 6
times, per, day, 6
free, bra, I, 6
Pump, In, Style, 9
pump, I, ve, 4
parts, easy, clean, 8
La, Leche, League, 4
nipple, like, baby, 3
makes, feel, like, 5
I, ve, tried, 5
I, think, important, 4
walk, around, house, 3
I, m, happy, 4
A, quieter, pump, 4
grade, pump, I, 3
Can, ’, wait, 3
I, also, think, 3
great, pump, could, 6
Pump, Not, Suck, 6
I, m, pumping, 15
And, I, m, 3
pumping, time, I, 4
d, love, pump, 4
I, cried, first, 3
would, love, able, 9
I, m, glad, 3
Being, able, pump, 5
The, pump, parts, 3
would, also, love, 5
help, mom, relax, 4
every, 2, 3, 3
bra, hands, free, 3
massage, whole, breast, 3
breast, pump, pump, 4
I, could, pump, 17
breast, pump, parts, 4
brains, get, confused, 4
I, felt, like, 4
Thank, much, taking, 3
I, hate, lugging, 3
hands, free, pump, 6
Hi, I, m, 8
find, way, make, 4
I, say, I, 4
would, cut, time, 3
I, use, hands, 3
3, times, day, 4
back, forth, work, 3
20, minutes, pumping, 3
I, exclusively, pump, 5
pumping, I, would, 4
I, think, I, 9
would, nice, option, 5
truly, hands, free, 3
improvement, could, made, 3
It, would, also, 12
I, hope, guys, 5
motion, baby, tongue, 3
would, great, milk, 3
one, size, fits, 3
every, two, hours, 5
I, m, excited, 4
://, newborns, stanford, 3
open, system, pumps, 3
pump, directly, storage, 4
I, m, nursing, 3
I, m, going, 4
pump, hands, free, 15
I, know, would, 5
Also, would, great, 3
breast, shield, flange, 3
like, baby, mouth, 15
I, would, love, 54
If, I, could, 8
directly, storage, bags, 6
30, minutes, pumping, 3
://, www, pumpinpal, 5
working, full, time, 3
I, used, breastpump, 3
milk, ejection, reflex, 3
quiet, pump, I, 3
I, could, use, 7
bottle, bag, I, 3
use, breast, pumps, 3
6, month, old, 3
I, want, able, 4
Breast, pumps, need, 3
The, current, pumps, 3
flanges, collect, milk, 3
like, see, pump, 3
love, breast, pump, 4
lean, forward, pumping, 4
tube, top, looking, 3
stimulate, milk, production, 3
I, know, may, 3
many, moms, I, 3
hands, free, work, 3
great, able, pump, 3
WANT, THE, FEWER, 3
I, ve, got, 3
m, pumping, I, 3
A, hands, free, 4
Please, make, pump, 3
would, also, nice, 5
use, hands, free, 4
make, easier, clean, 4
https, ://, www, 3
pumping, breast, milk, 3
It, would, great, 23
would, help, pump, 3
breast, pumps, I, 4
time, I, m, 4
Paced, bottle, feeding, 6
I, Medela, Pump, 7
I, currently, working, 4
Not, Suck, Hackathon, 3
I, ’, m, 12
I, would, able, 7
I, could, get, 4
much, room, improvement, 3
d, like, see, 5
would, awesome, pumps, 4
walk, around, pumping, 3
pumping, storing, milk, 3
I, ve, used, 8
breast, pump, bag, 7
pump, I, m, 7
forward, whole, time, 3
I, lean, forward, 5
lean, back, milk, 3
better, hand, pump, 3
would, love, see, 5
hands, free, without, 10
I, needed, pump, 6
one, side, pump, 3
working, mom, 2, 3
hard, plastic, flanges, 3
I, m, new, 3
wish, I, could, 11
hands, free, option, 4
I, m, exclusive, 3
I, d, like, 11
pumping, work, I, 4
pumping, mom, I, 5
would, great, pump, 7
easier, clean, parts, 3
would, able, pump, 3
I, think, pump, 3
dream, pump, would, 3
would, even, better, 4
6, times, day, 3
Thank, much, I, 3
A, quieter, motor, 3
If, way, make, 3
hands, free, would, 3
make, hands, free, 3
able, pump, lying, 5
freshly, pumped, milk, 3
www, pumpinpal, com, 5
hands, free, pumping, 20
Movie, http, ://, 4
It, would, nice, 19
Breast, Pump, Not, 6
milk, I, use, 3
Less, parts, clean, 3
paced, bottle, feeding, 4
went, back, work, 9
pumping, bra, I, 6
make, big, difference, 3
right, size, flange, 3
I, lucky, enough, 4
I, wish, pump, 3
THE, FEWER, PARTS, 3
motion, baby, mouth, 3
double, electric, pump, 6
)., I, m, 3
pumps, I, would, 3
Hi, I, read, 3
Make, easier, pump, 3
would, love, pump, 6
even, though, I, 3
I, would, LOVE, 3
It, d, great, 3
stanford, edu, Breastfeeding, 3
better, hands, free, 4
–, I, wish, 3
pumps, hands, free, 4
put, hands, free, 3
Fewer, parts, clean, 5
pump, It, would, 5
wearing, hands, free, 3
I, started, pumping, 3
I, pump, car, 3
would, great, I, 5
Thanks, Hi, I, 5
take, conference, calls, 4
breast, pump, I, 9
go, back, work, 4
Medela, pump, style, 4
pumping, It, would, 9
work, full, time, 3
month, old, son, 3
pump, one, bottle, 3
time, It, would, 3
That, would, awesome, 3
would, awesome, I, 6
every, time, I, 7
month, old, I, 5
pump, I, get, 3
A, breast, pump, 8
see, breast, pump, 4
I, m, working, 3
pump, would, great, 6
working, mom, I, 6
would, also, great, 4
pump, parts, I, 3
I, ve, heard, 5
My, breast, pump, 4
able, pump, laying, 5
every, 2, hours, 5
using, breast, pump, 5
work, every, day, 5
Please, let, know, 3
I, able, pump, 3
easy, clean, I, 4
I, go, back, 3
http, ://, www, 18
MIT, Media, Lab, 3
hands, free, bras, 8
gmail, com, I, 4
I, medela, pump, 4
hands, free, I, 6
Medela, Pump, In, 7
I, m, using, 3
Make, Breast, Pump, 6
I, really, wish, 3
First, THANK, YOU, 3
I, could, wear, 6
